Close_nvidia,Volume_nvidia,Close_bitcoin,Volume_bitcoin
102.01,37549876,1043.839966,185168000.0
104.39,29980506,1154.72998,344945984.0
101.74,24607382,1013.380005,510199008.0
103.1,20571416,902.200989,351876000.0
107.28,22906225,902.828003,141876992.0
106.47,22022969,907.679016,115808000.0
105.16,13141588,777.757019,310928992.0
103.44,15640414,804.833984,222326000.0
103.43,11445543,823.984009,168968000.0
101.11,14515259,907.937988,155095008.0
102.95,16360615,886.617981,225676992.0
105.16,16121778,899.072998,105625000.0
104.01,12300557,895.026001,86728400.0
105.09,9247639,921.012024,73588600.0
107.33,10701271,892.687012,111349000.0
107.79,13084499,901.541992,120831000.0
109.65,11469970,917.585999,131958000.0
111.77,11799929,919.75,125594000.0
110.02,12400084,920.382019,78227296.0
109.18,9068865,970.403015,164582000.0
113.95,14750082,989.02301,150110000.0
115.39,12081040,1011.799988,145820992.0
114.38,9318633,1029.910034,201278000.0
117.31,12669205,1038.150024,111762000.0
119.13,18655567,1061.349976,146007008.0
118.61,11239487,1063.069946,201855008.0
116.38,21064178,994.382996,407220000.0
113.62,41277341,988.674011,190452000.0
108.38,29518071,990.642029,100607000.0
108.78,21265787,1004.549988,137946000.0
109.0,9325512,1007.47998,89759400.0
107.25,16179386,1027.439941,122277000.0
107.23,14093465,1046.209961,136474000.0
111.07,13798783,1115.300049,186868992.0
110.76,10844256,1117.439941,136100000.0
100.49,39822213,1166.719971,189454000.0
101.46,25747597,1173.680054,330759008.0
104.41,17885019,1179.969971,131570000.0
101.48,15633968,1179.969971,184956000.0
102.79,12620139,1222.5,229056992.0
99.0,18858278,1251.01001,368275008.0
98.43,21636424,1274.98999,315739008.0
97.67,22089169,1272.829956,153656992.0
98.74,15085007,1223.540039,291256000.0
98.56,15967822,1150.0,332603008.0
98.54,11951471,1188.48999,212283008.0
99.12,12493513,1116.719971,563795968.0
101.85,19353402,1231.920044,380276992.0
101.78,13050415,1240.0,245306000.0
102.55,15375852,1249.609985,297804992.0
103.81,13077495,1187.810059,638568000.0
106.07,27992169,1100.22998,706598976.0
109.45,18714152,1054.22998,286529984.0
105.91,22837103,1120.540039,337391008.0
108.07,15419106,1049.140015,380840992.0
107.09,13348542,1038.589966,248540000.0
107.47,10987546,937.52002,491038016.0
108.25,12666100,1045.77002,372535008.0
107.69,10811109,1047.150024,326332000.0
107.34,8749791,1039.969971,298457984.0
109.4,13138349,1026.430054,352968992.0
108.93,11020165,1071.790039,447287008.0
108.38,11130813,1143.810059,580444032.0
100.78,31782004,1133.25,436310016.0
100.03,18676232,1124.780029,414784000.0
100.76,15878004,1182.680054,511222016.0
100.33,10628889,1176.900024,317022016.0
97.77,18908264,1187.130005,215883008.0
98.12,15453747,1205.01001,216182000.0
97.31,10352296,1200.369995,288702016.0
95.49,12672345,1169.280029,351968992.0
99.23,12432305,1193.910034,253206000.0
99.29,9252944,1211.670044,270524000.0
99.68,9520659,1210.290039,288060992.0
101.26,10100358,1229.079956,315108000.0
101.68,8547390,1222.050049,272167008.0
102.95,9286617,1250.150024,235806000.0
104.74,9670204,1265.48999,242556000.0
104.02,8017754,1281.079956,329631008.0
105.64,7887565,1317.72998,449196992.0
104.3,8603278,1316.47998,527488992.0
106.64,7558886,1421.599976,713624000.0
103.48,15545050,1452.819946,477337984.0
104.25,8355157,1490.089966,583795968.0
103.85,5211879,1537.670044,933548992.0
103.86,5684394,1555.449951,946035968.0
102.77,9040663,1723.349976,1340320000.0
102.94,13796401,1755.359985,1167920000.0
121.29,53227434,1787.130005,915723008.0
126.5,48167998,1848.569946,799489984.0
127.89,23993187,1724.23999,740984000.0
134.31,26919505,1738.430054,731529024.0
136.81,27909305,1734.449951,959044992.0
127.72,31444976,1839.089966,1064729984.0
133.07,28661989,1888.650024,894321024.0
136.0,25222948,1987.709961,1157289984.0
138.9,20786477,2173.399902,1942220032.0
137.03,16911578,2320.419922,1378749952.0
138.57,20376569,2443.639893,1725379968.0
138.26,15064741,2304.97998,2406700032.0
141.84,19300323,2202.419922,1763480064.0
144.87,24580778,2175.469971,1443970048.0
144.35,21643194,2286.409912,1544829952.0
144.36,12462061,2407.879883,1653180032.0
143.64,12140804,2488.550049,1317030016.0
148.01,20311623,2686.810059,1369309952.0
147.34,18743334,2863.199951,2089609984.0
149.12,15057318,2732.159912,1517709952.0
159.94,28475455,2805.620117,1281170048.0
149.6,92323200,2823.810059,1348950016.0
149.97,41793262,2659.629883,2569530112.0
151.4,41488612,2717.02002,1781200000.0
151.72,29431459,2506.370117,1696560000.0
152.37,23883179,2464.580078,2026259968.0
151.62,22554327,2518.560059,1195190016.0
157.32,19260255,2589.600098,1446840064.0
157.09,27169647,2721.790039,1854189952.0
159.47,16945632,2689.100098,1626579968.0
158.37,11596308,2705.409912,1097939968.0
153.83,24565502,2744.909912,961318976.0
152.15,26418557,2478.449951,1663280000.0
146.58,24850612,2552.449951,1489789952.0
151.75,24660291,2574.790039,1183869952.0
146.68,26334702,2539.320068,949979008.0
144.56,17992137,2480.840088,860273024.0
139.33,17722284,2564.060059,964112000.0
143.05,20226442,2601.98999,941566016.0
143.48,18383056,2608.560059,761956992.0
146.76,16258515,2518.659912,917411968.0
153.7,23720137,2372.560059,1111200000.0
155.88,18744156,2337.790039,1329760000.0
162.51,28283476,2398.840088,1117410048.0
160.63,34123997,2357.899902,835769984.0
164.95,23349534,2233.340088,882502976.0
164.25,22936328,2228.409912,1201760000.0
165.96,19123179,2318.879883,1512450048.0
165.1,17014089,2273.429932,1245100032.0
167.5,17258237,2817.600098,2249260032.0
168.1,15886110,2667.76001,1489449984.0
166.15,15868676,2754.860107,866473984.0
165.35,12002860,2576.47998,1460089984.0
167.26,15755026,2529.449951,937404032.0
161.74,18888931,2671.780029,789104000.0
164.39,12776296,2809.01001,1380099968.0
162.51,13800261,2875.340088,860574976.0
164.49,10606575,2718.26001,1324669952.0
164.39,11565556,2710.669922,1094950016.0
166.48,10926536,2804.72998,804796992.0
167.21,14653397,2895.889893,1002120000.0
172.35,17743004,3378.939941,1482279936.0
170.3,18632853,3419.939941,1752760064.0
172.11,13060514,3342.469971,1468960000.0
164.74,26065538,3381.280029,1515110016.0
155.96,37272782,3650.620117,2021190016.0
168.4,31674266,4325.129883,2463089920.0
166.98,18980198,4181.930176,3258050048.0
165.15,14788247,4376.629883,2272039936.0
161.47,12937916,4331.689941,2553359872.0
161.5,14883408,4160.620117,2941710080.0
159.15,15203637,4001.73999,2800890112.0
162.55,11084658,4100.52002,3764239872.0
165.8,14421053,4151.52002,2369819904.0
165.19,11592997,4334.680176,2037750016.0
163.81,8753208,4371.600098,1727970048.0
164.97,9568908,4382.660156,1959330048.0
164.7,7992338,4579.02002,2486080000.0
165.68,9469680,4565.299805,1937849984.0
169.44,15022660,4703.390137,1944930048.0
170.46,11017001,4892.009766,2599079936.0
165.91,17358768,4376.529785,2697969920.0
165.81,9800559,4597.120117,2172100096.0
166.58,8731886,4599.879883,1844620032.0
163.69,12365074,4228.75,2700890112.0
169.0,13934287,4161.27002,1557330048.0
169.61,10155905,4130.810059,1864530048.0
170.37,14340105,3882.590088,2219409920.0
169.4,12728431,3154.949951,2716310016.0
180.11,33338633,3637.52002,4148069888.0
187.55,41601951,4065.199951,1943209984.0
187.35,21631434,3924.969971,1563980032.0
185.84,16435216,3905.949951,1213830016.0
180.76,26631321,3631.040039,1411480064.0
179.0,12196947,3630.699951,1194829952.0
171.0,21628235,3926.070068,1374210048.0
171.96,27542805,3892.350098,1043740032.0
175.73,17602299,4200.669922,1686880000.0
175.68,10801464,4174.72998,1712320000.0
178.77,14936876,4163.069824,1367049984.0
179.0,12475560,4409.319824,1431730048.0
179.37,9678430,4317.47998,1288019968.0
180.87,10621386,4229.359863,1116770048.0
180.77,10830438,4328.410156,1161769984.0
181.3,7911087,4370.810059,1069939968.0
185.39,13986610,4772.02002,1968739968.0
188.93,24261445,4781.990234,1597139968.0
190.94,13051762,4826.47998,1222279936.0
191.03,13036890,5446.910156,2791610112.0
194.59,15626525,5647.209961,3615480064.0
197.93,14279032,5725.589844,2008070016.0
197.75,11482547,5605.509766,1821570048.0
197.58,14066925,5590.689941,2399269888.0
197.8,14156573,5708.52002,1780540032.0
196.9,11006029,6011.450195,2354429952.0
196.62,10592416,5930.319824,2401840128.0
198.68,9820462,5526.640137,2735699968.0
193.66,20588601,5750.799805,1966989952.0
195.69,7892651,5904.830078,1905040000.0
201.86,14174171,5780.899902,1710130048.0
203.84,12522329,6130.529785,1772150016.0
206.81,10179802,6468.399902,2311379968.0
207.2,12385654,6767.310059,2870320128.0
205.94,8480413,7078.5,4653770240.0
208.69,8777981,7207.759766,3369860096.0
209.63,9693716,7022.759766,3111899904.0
212.03,10580672,7144.379883,2326340096.0
209.16,12911093,7459.689941,4602200064.0
205.32,20123846,7143.580078,3226249984.0
216.14,31197127,6618.140137,5208249856.0
212.63,14398431,6559.490234,6263249920.0
214.18,13101484,6635.75,3197110016.0
209.98,12427082,7315.540039,4200880128.0
211.61,9947915,7871.689941,5123809792.0
211.36,12702474,7708.990234,4651670016.0
214.08,9828414,8200.639648,3488450048.0
216.05,9858634,8071.259766,4277609984.0
214.93,8766814,8253.549805,3633530112.0
216.96,4517982,8253.69043,5058610176.0
214.14,10477983,9818.349609,5653320192.0
210.71,12677148,10058.799805,6348819968.0
196.42,34865791,9888.610352,11568799744.0
200.71,20564479,10233.599609,8310689792.0
197.68,20249432,10975.599609,6783119872.0
186.66,31021123,11657.200195,6132409856.0
187.74,24480558,11916.700195,6895260160.0
189.26,11464458,14291.5,12656300032.0
191.99,13190983,17899.699219,17950699520.0
191.49,11483868,16569.400391,21135998976.0
194.66,9106693,16936.800781,12153900032.0
190.84,11296559,17415.400391,14603799552.0
186.18,13744496,16408.199219,12976900096.0
186.47,10871746,16564.0,13777399808.0
191.56,16090200,17706.900391,14309999616.0
197.9,11730697,19114.199219,14839499776.0
196.11,9217358,17776.699219,16894499840.0
196.8,7185318,16624.599609,22149699584.0
195.89,7458634,15802.900391,16516599808.0
195.27,11613423,13831.799805,22197999616.0
197.44,8821296,16099.799805,13454300160.0
197.17,8097374,15838.5,12487600128.0
197.4,5978211,14606.5,12336499712.0
193.5,6896330,14656.200195,13025500160.0
199.35,8303752,14982.099609,16846600192.0
212.47,22499518,15201.0,16871900160.0
213.59,14346675,15599.200195,21783199744.0
215.4,14008768,17429.5,23840899072.0
222.0,21190932,15170.099609,18413899776.0
221.94,11750593,14595.400391,16659999744.0
223.68,14087612,14973.299805,18500800512.0
224.08,9812137,13405.799805,16534099968.0
222.98,8931936,13980.599609,12065699840.0
220.11,17104812,11490.5,18853799936.0
224.72,13112629,11188.599609,18830600192.0
224.44,10071489,11474.900391,15020399616.0
230.11,14544968,11607.400391,10740400128.0
233.69,9614659,10931.400391,10537400320.0
238.91,11293069,10868.400391,9660609536.0
235.8,14406492,11359.400391,9940989952.0
236.35,10105341,11259.400391,8873169920.0
243.33,12755309,11171.400391,9746199552.0
246.85,11282948,11296.400391,7107359744.0
242.72,14133180,10106.299805,8637859840.0
245.8,11818115,10221.099609,8041160192.0
240.5,12716271,9170.540039,9959400448.0
233.52,17794503,8830.75,12726899712.0
213.7,27907654,6955.27002,9285289984.0
225.58,26591746,7754.0,13999800320.0
228.8,19931234,7621.299805,9169280000.0
217.52,21664353,8265.589844,9346750464.0
232.08,41044898,8736.980469,6784820224.0
228.03,27179807,8926.570313,6256439808.0
232.63,15573359,8598.30957,5696719872.0
241.42,18453757,9494.629883,7909819904.0
246.5,17392024,10166.400391,9062540288.0
243.84,15812549,10233.900391,7296159744.0
249.08,17075723,11403.700195,9926540288.0
241.51,21021844,10690.400391,9405339648.0
242.15,12998992,10005.0,8040079872.0
245.93,10258215,10301.099609,7739500032.0
246.58,11145830,10366.700195,7287690240.0
246.06,11323269,10725.599609,6966179840.0
242.0,12950470,10397.900391,6936189952.0
232.21,26002972,10951.0,7317279744.0
236.54,22835685,11086.400391,7620590080.0
235.65,15519413,11573.299805,6468539904.0
242.16,15920243,10779.900391,6832169984.0
241.84,14530226,9965.570313,8797910016.0
241.18,10163665,9395.009766,7186089984.0
245.33,12580234,9337.549805,8704190464.0
249.76,15056073,9205.120117,6457399808.0
247.71,15408000,9194.849609,5991139840.0
248.74,12573947,8269.80957,6438230016.0
249.34,9992834,8300.860352,6834429952.0
250.48,9634107,8338.349609,5289379840.0
241.0,17472128,8630.650391,6729110016.0
249.58,13725505,8913.469727,6361789952.0
248.56,10841782,8929.280273,6043129856.0
241.85,13663927,8728.469727,5530390016.0
232.97,18225390,8879.620117,5954120192.0
244.48,15130542,8209.400391,5921039872.0
225.52,34462113,7833.040039,5378250240.0
221.35,23647648,7954.47998,4935289856.0
231.59,22915692,7165.700195,6361229824.0
221.05,23052315,7083.799805,4333440000.0
225.35,16685759,7456.109863,5499700224.0
226.24,19729161,6853.839844,4936000000.0
221.38,17530973,6811.470215,5639320064.0
214.25,16574720,6636.319824,3766810112.0
215.41,12488120,6770.72998,4894060032.0
227.91,19118807,6834.759766,4272750080.0
226.24,11506057,6968.319824,4641889792.0
234.6,14847950,7889.25,8906250240.0
231.5,12575892,7895.959961,7764460032.0
231.49,8769776,8058.669922,5631309824.0
237.54,11180638,7902.089844,6900879872.0
236.37,9784058,8163.419922,6529909760.0
229.04,11799933,8294.30957,7063209984.0
228.71,9654966,8845.830078,8438110208.0
223.88,10687723,8930.879883,6925190144.0
221.2,10364894,9697.5,10678800384.0
216.66,14712343,8845.740234,11083100160.0
225.22,9395574,9281.509766,8970559488.0
226.33,10021245,8987.049805,7566289920.0
224.9,8196067,9240.549805,8673920000.0
227.14,6344727,9119.009766,7713019904.0
226.31,6706185,9235.919922,7558159872.0
232.99,11078640,9743.860352,10207299584.0
239.06,10016538,9700.759766,8217829888.0
248.68,17190378,9373.009766,7394019840.0
250.4,12665374,9234.820313,7415869952.0
255.78,14918980,9325.179688,7226890240.0
260.13,24852029,9043.94043,6906699776.0
254.53,30361406,8441.490234,8488520192.0
255.36,13078477,8716.790039,7364149760.0
245.56,24088210,8510.379883,6705710080.0
246.01,13845706,8368.830078,6760220160.0
247.71,12994605,8094.319824,5862530048.0
245.94,12092942,8250.969727,5764190208.0
244.24,16015620,8418.990234,5154990080.0
242.7,12956637,8041.779785,5137010176.0
247.54,11073926,7557.819824,6491120128.0
247.69,10934295,7587.339844,6049220096.0
249.28,7302782,7480.140137,4867829760.0
248.59,8817083,7472.589844,5662660096.0
252.99,9774864,7406.52002,4922540032.0
252.19,12346709,7494.169922,5127130112.0
257.62,10549248,7541.450195,4921460224.0
264.85,16050641,7514.470215,4993169920.0
265.07,9792801,7633.759766,4961739776.0
265.15,9283856,7653.97998,4692259840.0
262.9,9236216,7678.240234,4485799936.0
262.28,9011443,7624.919922,4227579904.0
260.62,6634253,6906.919922,4745269760.0
262.58,7978985,6582.359863,4654380032.0
262.4,8455159,6349.899902,5052349952.0
266.91,10750411,6675.350098,5138710016.0
265.26,10806488,6456.580078,3955389952.0
265.09,8906674,6734.819824,4039200000.0
260.17,14873324,6769.939941,4057029888.0
262.31,9244494,6776.549805,3888640000.0
257.11,8987906,6729.740234,3529129984.0
250.95,10853954,6083.689941,5079810048.0
239.12,16645431,6249.180176,5500810240.0
241.99,11972137,6093.669922,3279759872.0
235.72,11347303,6157.129883,3296219904.0
240.86,8450297,5903.439941,3467800064.0
236.9,9807477,6218.299805,3966230016.0
242.24,8939348,6614.180176,4396930048.0
236.84,5568325,6529.589844,4672309760.0
242.73,7655448,6639.140137,4999240192.0
247.33,7408822,6673.5,4313959936.0
249.25,7597022,6741.75,3718129920.0
253.25,9000390,6329.950195,4052430080.0
247.53,9187660,6394.709961,3644859904.0
251.23,8637673,6228.810059,3770170112.0
249.32,6179078,6238.049805,3805400064.0
248.2,4925926,6741.75,4725799936.0
253.69,9053395,7321.040039,5961950208.0
251.7,6941041,7370.779785,6103410176.0
252.03,5893783,7466.859863,5111629824.0
250.89,5562161,7354.129883,4936869888.0
249.41,7539621,7711.109863,5132480000.0
248.71,8865545,8424.269531,7277689856.0
251.87,8004551,8181.390137,5845400064.0
254.84,8128128,7951.580078,4899089920.0
252.02,7385535,8165.009766,5195879936.0
244.13,8508539,8180.47998,5551400000.0
244.86,7099696,7780.439941,5287530000.0
246.47,7088889,7624.910156,4797620000.0
250.62,6741689,7567.149902,4214110000.0
252.1,5357202,7434.390137,4627150000.0
254.03,5187665,6951.799805,3925900000.0
256.95,6453260,6753.120117,4682800000.0
258.42,6552462,6305.799805,5064430000.0
256.46,5106962,6568.22998,4267040000.0
254.79,6415668,6184.709961,4528680000.0
256.12,9380158,6297.569824,4083980000.0
261.43,11655486,6199.709961,5301700000.0
259.08,14778394,6308.52002,4895450000.0
257.44,20031476,6334.72998,4328420000.0
244.82,28579694,6580.629883,4992990000.0
247.84,21359655,6308.529785,3665100000.0
253.32,16849710,6488.759766,3377180000.0
262.82,18746422,6376.709961,4668110000.0
266.84,18017114,6534.879883,3426180000.0
272.22,13287762,6719.959961,4097820000.0
275.9,12644437,6884.640137,4019000000.0
274.38,11884595,7096.279785,4659940000.0
278.49,10502741,7047.160156,4145880000.0
277.81,8665230,6978.22998,4463250000.0
280.68,7664750,7037.580078,4495650000.0
283.7,9793027,7361.660156,4273640000.0
278.42,9828919,6792.830078,5800460000.0
272.72,8069889,6529.169922,5523470000.0
271.86,7385468,6467.069824,4264680000.0
274.73,5503457,6329.700195,3714100000.0
272.8,6077818,6321.200195,3849910000.0
268.2,10477259,6351.799805,4064230000.0
271.34,7638387,6517.310059,4210910000.0
276.43,9673380,6512.709961,4076220000.0
273.93,5138189,6281.200195,3910780000.0
271.02,7488023,6371.299805,4180090000.0
271.98,5621465,6398.540039,4431340000.0
266.28,10764569,6519.669922,4348110000.0
263.45,10878157,6734.950195,6531940000.0
265.7,7347826,6595.410156,4177310000.0
268.41,7009746,6446.470215,4726180000.0
266.92,6713688,6495.0,4437300000.0
267.4,5360717,6676.75,4606810000.0
281.02,17734914,6644.129883,5014430000.0
289.36,15551453,6589.620117,4000970000.0
286.48,9599118,6556.100098,3979260000.0
286.73,8013769,6502.589844,3887310000.0
279.29,9780489,6576.689941,3838410000.0
269.86,10665861,6622.47998,3671500000.0
265.77,10215265,6652.22998,3979460000.0
265.54,6837493,6642.640137,3580810000.0
245.69,17123454,6585.529785,3787650000.0
235.13,18135929,6256.240234,5181640000.0
246.54,15205917,6274.580078,3783500000.0
235.38,11244032,6596.540039,7370770000.0
245.83,10217795,6596.109863,4074800000.0
243.06,8241701,6544.430176,4088420000.0
239.53,13100548,6476.709961,3924080000.0
229.17,15340249,6465.410156,3578870000.0
231.22,9221091,6487.160156,3672860000.0
221.06,15660945,6475.740234,3716150000.0
199.41,22107199,6495.839844,3424670000.0
207.84,23793040,6476.290039,3230550000.0
198.29,16619628,6474.75,3306050000.0
185.62,18950441,6332.629883,4199910000.0
203.0,20179768,6334.27002,3781100000.0
210.83,18644304,6317.609863,4191240000.0
218.11,14163208,6377.779785,3789400000.0
214.92,11324002,6388.439941,4234870000.0
211.77,9483260,6419.660156,4174800000.0
211.06,7475259,6461.009766,4700040000.0
213.79,12095301,6530.140137,4941260000.0
205.99,12783823,6453.720215,4665260000.0
205.67,10331049,6385.620117,4346820000.0
189.54,15427947,6371.27002,4295770000.0
199.31,16117775,6359.490234,4503800000.0
197.19,13164471,5738.350098,7398940000.0
202.39,21017716,5648.029785,7032140000.0
164.43,49087977,5575.549805,5279320000.0
144.7,42445505,4871.490234,7039560000.0
149.08,42300828,4451.870117,8428290000.0
144.71,25637350,4602.169922,6120120000.0
145.0,10299211,4347.109863,4871490000.0
153.05,20370806,3779.129883,6476900000.0
153.73,18451506,3820.719971,5998720000.0
160.07,20113137,4257.419922,7280280000.0
157.36,13729340,4278.84668,6503347767.0
163.43,18239114,4017.268555,6048016717.0
170.04,22270109,3894.130859,5089570994.0
157.11,20302787,3956.893799,5028069239.0
158.29,17307741,3521.101807,5878333109.0
147.61,17041949,3419.937256,6835615448.0
151.86,15736835,3502.656006,5020968740.0
148.19,16797832,3424.588135,4696765188.0
148.9,16353398,3486.950195,4139364829.0
148.89,11784624,3313.677246,4343372456.0
146.45,11795531,3242.484863,4372763663.0
143.58,16571683,3545.864746,5409247918.0
146.94,14109251,3696.059082,5911325473.0
138.51,18634147,3745.950684,6810689119.0
135.1,18739697,4134.441406,8927129279.0
129.57,21593525,3896.543701,7206015706.0
127.08,11595978,4078.599121,7240968501.0
133.1,17377484,3857.297607,5326547918.0
131.17,15926080,3654.833496,5130222366.0
133.65,15712319,3923.918701,5631554348.0
133.5,11628503,3742.700439,4661840806.0
136.22,12718840,3943.409424,5244856836.0
127.99,17638786,3836.741211,4530215219.0
136.19,14640483,3857.717529,4847965467.0
143.4,17728980,4025.248291,5228625637.0
139.83,19650429,4030.8479,5306593305.0
142.58,15431475,4035.296387,5115905225.0
145.23,13078906,3678.924561,6874143796.0
148.83,21869066,3687.365479,5538712865.0
150.44,18254249,3706.052246,5651384490.0
149.87,15425251,3630.675293,5537192302.0
148.84,11752592,3655.006836,5394457145.0
151.72,12335905,3678.563965,5464420383.0
156.93,16283423,3657.839355,5002961727.0
148.77,16538776,3604.577148,5313623556.0
149.29,14775545,3585.123047,5433755649.0
157.84,17724261,3600.865479,5262869046.0
160.15,28880547,3599.765869,5265847539.0
138.01,62788169,3470.450439,6908930483.0
131.6,28848347,3448.116943,5897159493.0
137.39,24355739,3486.181641,5955112627.0
143.75,21071338,3457.792725,5831198271.0
144.73,15626175,3487.945313,5422926707.0
149.18,13215018,3459.154053,5332718886.0
149.95,13560625,3466.357422,5227549545.0
153.0,17561647,3413.767822,5482196038.0
147.42,15928000,3399.47168,5004962683.0
148.17,11540137,3666.780273,7735623101.0
146.45,12379515,3648.430664,6277056434.0
151.17,14776513,3653.528564,6480384532.0
152.88,15134302,3632.070557,6438903823.0
154.53,20681574,3616.880859,6271044418.0
157.34,37918734,3620.810791,6091952231.0
156.64,13797316,3947.094482,9933626655.0
158.55,13524737,3999.820557,8693373948.0
155.77,11213668,3954.118164,7775128102.0
159.19,10043531,4005.526611,7826525254.0
158.69,16400481,3882.696289,9318796067.0
157.1,12211571,3854.35791,7931218996.0
155.41,12506381,3851.047363,8301309684.0
154.26,8123565,3854.7854,8399767798.0
156.45,8929678,3859.58374,7661247975.0
156.78,10249750,3761.557129,9029175788.0
156.52,9073119,3896.375,10174126415.0
152.05,10088149,3903.942627,9175291529.0
149.26,11252633,3911.484375,9584165519.0
150.64,10560371,3901.131592,10638638944.0
161.14,21493150,3905.227295,10125901903.0
162.52,14489368,3909.15625,9809887079.0
168.62,19222518,3906.717285,9469184841.0
165.56,12984630,3924.369141,10480789570.0
169.81,16536482,3960.911133,9394210605.0
168.95,12174829,4032.507324,9646954186.0
175.71,21374310,4071.190186,9344919956.0
174.4,17978715,4087.476318,10175916388.0
183.94,20607767,4029.326904,10831212662.0
177.5,18691087,4023.968262,9252935969.0
173.78,13130301,3963.070557,10359818883.0
176.87,17587678,3985.080811,10707678815.0
176.5,11859294,4087.066162,10897131934.0
177.25,12006602,4069.107178,9353915899.0
179.56,11422379,4098.374512,10918665557.0
182.28,12095612,4158.183105,10157794171.0
183.0,11022996,4879.87793,21315047816.0
188.62,19719468,4973.021973,22899891582.0
188.26,11434419,4922.798828,18251810240.0
190.95,12043649,5036.681152,16837325387.0
191.79,10604848,5289.770996,17154113634.0
189.26,10999320,5204.958496,14722104361.0
192.1,11119307,5324.551758,15504590933.0
191.54,9365037,5064.487793,16555616019.0
190.01,11792664,5089.539063,13675206312.0
184.7,11002345,5067.108398,12290155061.0
188.21,9874091,5235.55957,11618660197.0
187.29,8775068,5251.937988,12438480677.0
186.3,9524704,5298.385742,13256489918.0
188.47,6998388,5399.365234,14601631648.0
190.67,8671381,5572.362305,15867308108.0
191.17,7955120,5464.866699,17048033399.0
186.91,12482437,5210.515625,15330283408.0
178.09,21724729,5279.348145,16812108040.0
179.33,9797983,5247.352539,13735490672.0
181.0,9073040,5350.726563,13878964574.0
180.47,8857031,5402.697266,13679528236.0
183.19,9867135,5505.283691,14644460907.0
183.01,8420587,5768.289551,18720780006.0
179.85,10554445,5746.807129,15737171804.0
173.11,13880458,5829.501465,18026409033.0
173.92,10479154,5982.45752,15320605300.0
170.19,16506164,6174.528809,16784645411.0
168.82,14237451,6378.849121,19419875368.0
158.45,16422819,7814.915039,28677672181.0
162.04,13121972,7994.416016,32031452227.0
159.58,12558001,8205.167969,28344112920.0
160.19,19527204,7884.90918,33167197581.0
156.53,25551698,7343.895508,30066644905.0
151.75,14301634,7978.309082,23843404340.0
155.06,9046247,7963.327637,25127245056.0
152.2,8146740,7680.066406,24719473175.0
147.32,14796109,7881.84668,24457107820.0
145.15,8939632,7987.371582,25919126991.0
143.33,10708852,8719.961914,24226919267.0
140.34,13995037,8659.487305,23473479966.0
139.11,9857490,8319.472656,29246528551.0
135.46,9742992,8574.501953,25365190957.0
133.78,11966080,8208.995117,22004511436.0
143.0,16045885,7707.770996,24609731549.0
141.28,12790385,7824.231445,21760923463.0
143.78,10203462,7822.023438,19474611077.0
145.5,8721438,8043.951172,19141423231.0
148.43,10069522,8000.32959,18689275117.0
150.75,9596751,7927.714355,17107279932.0
146.2,8972298,8145.857422,19034432883.0
148.26,7702027,8230.923828,18669407147.0
144.64,9860656,8693.833008,19831162906.0
145.03,6901037,9320.352539,15562951919.0
152.88,14547950,9081.762695,15848210536.0
153.12,8291099,9273.521484,15546809946.0
154.1,8754182,9527.160156,17846823784.0
151.76,10860672,10144.556641,20624008643.0
152.66,7073718,11011.102539,19271652365.0
151.48,7796661,11790.916992,24879684533.0
159.26,14601825,13016.231445,45105733173.0
163.23,11136038,11182.806641,39977475223.0
164.23,9941659,12407.332031,35087757766.0
166.17,17788327,10583.134766,29378589324.0
162.23,10005688,10801.677734,31015895223.0
162.75,6165856,11961.269531,30796494294.0
160.23,9913847,10978.459961,23838480210.0
157.21,8244669,12285.958008,23482551458.0
157.31,8571512,12573.8125,28167921523.0
160.06,11301899,12156.512695,33627574244.0
166.28,17063964,11358.662109,28595327690.0
167.61,12659816,11815.986328,23534692797.0
167.27,7245993,10895.089844,25384047207.0
167.08,8536098,9477.641602,24151199070.0
169.71,8705107,9693.802734,24569921549.0
170.18,11079474,10666.482422,25187024648.0
168.44,8622395,10530.732422,20727426310.0
171.32,7898498,10343.106445,16334414913.0
175.66,10704414,9900.767578,17851916995.0
178.66,9155937,9811.925781,17398734322.0
173.38,9817453,9911.841797,15821952090.0
175.07,6853997,9870.303711,14495714483.0
174.82,6204049,9519.145508,13791445323.0
175.45,4944261,9607.423828,13829811132.0
168.72,8985391,10085.62793,16631520648.0
164.92,10530314,10399.668945,17165337858.0
161.19,10708732,10518.174805,17489094082.0
150.79,14728936,11805.65332,23875988832.0
152.35,9031767,11478.168945,23635107660.0
153.89,9314045,11941.96875,22194988641.0
158.26,7732472,11966.407227,19481591730.0
154.18,8545418,11862.936523,18339989960.0
151.45,6980012,11382.616211,13647198229.0
156.05,9012811,10895.830078,16681503537.0
150.07,10497033,10051.704102,19990838300.0
148.77,13861551,10311.545898,22899115082.0
159.56,25384628,10374.338867,20228207096.0
170.78,20408061,10916.053711,16038264603.0
167.87,11588040,10763.232422,15053082175.0
171.23,10697773,10138.049805,19473084768.0
171.48,7593918,10131.055664,17097508856.0
162.44,14237433,10407.964844,15627023886.0
165.45,7964854,10370.820313,18438654080.0
161.8,7288739,10185.5,14762609503.0
161.22,6376719,9754.422852,17603790323.0
167.0,8959326,9510.200195,17045878501.0
167.51,7272712,9598.173828,13595263986.0
164.17,7412770,10623.540039,19384917989.0
168.76,5703009,10594.493164,16742664769.0
179.74,17412125,10575.533203,14551239508.0
178.65,9424419,10353.302734,19536574783.0
180.5,10438133,10334.974609,17595943368.0
183.18,8820305,10115.975586,14906809639.0
184.33,9037782,10178.37207,15428063426.0
184.27,8196025,10410.126953,15323563925.0
181.94,8114787,10360.546875,14109864675.0
180.21,5795796,10276.793945,15160167779.0
181.07,5711828,10241.272461,15304603363.0
179.98,6600942,10198.248047,16169268880.0
176.94,6408569,10266.415039,19937691247.0
172.69,8931295,10181.641602,14734189639.0
174.84,6395647,9729.324219,15144925408.0
172.53,8031045,8620.566406,25002886689.0
178.23,7827672,8486.993164,21744728353.0
177.34,5945648,8118.967773,19258205289.0
171.76,9148974,8251.845703,16408941156.0
174.07,4829977,8293.868164,17115474183.0
174.0,9189150,8343.276367,15305343413.0
173.04,7391544,8393.041992,13125712443.0
181.31,11568265,8259.992188,13668823409.0
181.97,6699005,8205.939453,13139456229.0
184.33,12207839,8245.623047,18009742607.0
177.23,11233566,8228.783203,15592264032.0
180.71,7697082,8595.740234,19384942333.0
183.03,8187889,8586.473633,17618660671.0
185.99,11271668,8321.756836,19604381101.0
186.53,5258394,8374.686523,15151387859.0
196.37,16699633,8205.369141,15220412632.0
194.21,10818828,8047.526855,16071646996.0
194.29,6607924,8103.911133,14313052244.0
190.49,7548039,7973.20752,15651592610.0
196.01,6546711,8243.720703,15868748866.0
195.61,8434228,8078.203125,16803377857.0
195.09,7144250,7514.671875,21942878958.0
196.86,5975933,7493.48877,16268708849.0
204.54,10577288,8660.700195,28705065488.0
206.79,8116718,9256.148438,30948255332.0
202.92,5280920,9427.6875,28426779937.0
203.0,5149038,9205.726563,27706531577.0
201.02,5243315,9199.584961,26583653947.0
202.59,7090956,9261.104492,24324691031.0
210.5,9417905,9412.612305,26170255634.0
209.61,7521712,9342.527344,26198609048.0
207.63,6725335,9360.879883,23133895765.0
208.34,7008498,9267.561523,22700383839.0
207.78,4735187,8804.880859,24333037836.0
208.18,6094736,8757.788086,20265510765.0
209.61,7095971,8815.662109,20309769107.0
208.57,7559124,8808.262695,17545755405.0
209.79,13175171,8708.094727,19084739975.0
204.19,26355409,8491.992188,21796856471.0
212.28,14382963,8309.286133,21579470673.0
207.99,10384506,8206.145508,21083613816.0
211.18,11825438,8027.268066,20764300437.0
210.18,7209730,7642.75,22514243371.0
210.89,5602470,7296.577637,34242315785.0
221.21,12683686,7146.133789,42685231262.0
217.0,9642023,7218.371094,21129505542.0
218.24,5410718,7531.663574,23991412764.0
216.74,3538924,7761.243652,19709695456.0
209.25,9346742,7321.988281,17082040706.0
207.66,11853653,7320.145508,14797485769.0
209.42,6840459,7252.034668,21664240918.0
208.74,4628444,7448.307617,18816085231.0
212.17,5810457,7546.996582,18104466307.0
212.17,5378320,7400.899414,17872021272.0
213.98,6417228,7278.119629,18249031195.0
217.34,5850247,7217.427246,16350490689.0
224.07,10152084,7243.134277,18927080224.0
223.99,11374183,7269.68457,17125736940.0
225.15,8032684,6932.480469,20213265950.0
228.29,8081598,6640.515137,22363804217.0
229.51,8606969,7276.802734,31836522778.0
235.46,11327674,7202.844238,25904604416.0
239.37,15084607,7218.816406,22633815180.0
238.82,8884815,7355.628418,27831788041.0
238.62,3471597,7322.532227,22991622105.0
239.19,4580451,7238.966797,22787010034.0
236.87,6370251,7290.088379,22777360996.0
232.32,6456178,7292.995117,22874131672.0
235.3,5780283,7193.599121,21167946112.0
239.91,5941969,6985.470215,20802083465.0
236.07,5144308,7344.884277,28111481032.0
237.06,6572812,7769.219238,23276261598.0
239.93,7980144,8163.692383,28767291327.0
240.38,6931017,8079.862793,31672559265.0
243.02,6386053,7879.071289,24045990466.0
244.32,7911560,8166.554199,28714583844.0
251.98,7739168,8144.194336,22482910688.0
247.28,8989483,8827.764648,44841784107.0
245.57,6577636,8807.010742,40102834650.0
248.93,7104791,8723.786133,31313981931.0
249.28,6344764,8929.038086,36372139320.0
247.94,5321260,8745.894531,24097418512.0
250.11,5980967,8680.875977,22600204051.0
252.86,6112861,8406.515625,25770680779.0
250.48,9337839,8445.43457,24397913026.0
240.2,11763354,8909.819336,28647338393.0
247.97,7774401,9358.589844,34398744403.0
245.54,6486279,9316.629883,30682598115.0
245.81,7262590,9508.993164,32378792851.0
236.43,9260493,9350.529297,29432489719.0
240.33,6398205,9293.521484,30934096509.0
247.13,6788589,9180.962891,29893183716.0
250.76,5205502,9613.423828,35222060874.0
254.25,5457051,9729.801758,37628823716.0
251.59,4743803,9795.943359,34522718159.0
262.97,13240194,9856.611328,39386548075.0
267.89,15963922,10208.236328,37648059389.0
272.54,9366118,10326.054688,43444303830.0
270.78,13200384,10214.379883,49356071373.0
289.79,26048093,10312.116211,43338264162.0
296.57,15547025,10141.996094,47271023953.0
314.7,17358281,9633.386719,46992019710.0
308.7,20251259,9608.475586,44925260237.0
294.07,19232331,9686.441406,40930547513.0
273.28,21422873,9650.174805,45080496648.0
262.05,26387442,9341.705078,42515259129.0
267.65,18741536,8820.522461,50420050762.0
252.6,22660373,8784.494141,45470195695.0
270.07,28366882,8672.455078,44605450443.0
276.43,22268639,8869.669922,42857674409.0
265.89,16319828,8787.786133,42386715821.0
284.51,14935184,8755.246094,34746706368.0
273.29,13508187,9078.762695,39698054597.0
266.04,12885307,9122.545898,40826885651.0
245.44,15353960,7923.644531,46936995808.0
261.08,14516218,7909.729492,42213940994.0
246.47,12551693,7911.430176,38682762605.0
216.31,20413535,4970.788086,53980357243.0
240.84,15870943,5563.707031,74156772075.0
196.4,18174303,5014.47998,45368026430.0
217.27,20840799,5225.629395,38622642935.0
202.82,21727385,5238.438477,37878801016.0
212.97,19137847,6191.192871,51000731797.0
205.75,20115854,6198.77832,54442976103.0
212.69,16096866,6416.314941,46491916000.0
249.18,27541095,6734.803711,48221910672.0
245.62,19835767,6681.062988,44590107888.0
257.24,17439692,6716.44043,35319797642.0
252.73,15970744,6469.79834,34585598367.0
265.59,15056253,6429.841797,37101651525.0
263.6,23749014,6438.644531,32786468812.0
243.07,16422828,6606.776367,40346426266.0
255.47,16894113,6793.624512,47660646124.0
243.91,16580346,6733.387207,38976504903.0
268.4,18197062,7271.78125,46896904615.0
259.03,19613047,7176.414551,44243482668.0
266.95,13561113,7334.098633,37563249549.0
262.95,13156195,7302.089355,34815139178.0
269.85,9960182,6845.037598,38619308647.0
283.95,13273667,6842.427734,34110434052.0
280.84,9153721,6642.109863,32288311031.0
294.7,18640510,7116.804199,46783242377.0
292.32,13478049,7096.18457,32513423567.0
287.05,11234705,6881.958496,37747113936.0
269.51,18378996,6880.323242,32589741511.0
286.15,12118228,7117.20752,33249153866.0
284.01,10603988,7429.724609,43500782316.0
289.59,8816137,7550.900879,34636526286.0
297.08,11984699,7795.601074,36162144725.0
291.36,11072603,7807.058594,33187959921.0
298.46,9479047,8801.038086,60201052203.0
292.28,9397943,8658.553711,66964629541.0
282.78,8552445,8864.766602,44068389997.0
291.29,7938880,8912.654297,45718796276.0
293.74,9222391,9003.070313,43148462663.0
297.79,8086639,9268.761719,49371886931.0
304.87,9343263,9951.518555,61112700562.0
312.5,8497678,9842.666016,51780748042.0
322.62,11726504,8601.795898,57119858802.0
312.1,12326482,8804.477539,42142717533.0
311.2,15646252,9269.987305,45558144023.0
321.22,15057809,9733.72168,56426907637.0
339.63,24691543,9328.197266,48158802327.0
350.01,19410086,9726.575195,41827139896.0
352.22,17933049,9729.038086,39254288955.0
358.8,14688405,9522.981445,36546239703.0
351.01,17552200,9081.761719,39326160532.0
361.05,25969125,9182.577148,29810773699.0
348.71,19269476,8835.052734,29584186947.0
341.01,29397306,9181.017578,32740536902.0
339.48,18403204,9525.750977,34367073114.0
355.02,18647994,9439.124023,32896642044.0
352.25,9762775,10167.268555,35198901068.0
353.01,9783014,9529.803711,39137252109.0
350.78,9135972,9656.717773,25007459262.0
350.66,10606960,9800.636719,25921805072.0
356.8,12043651,9665.533203,23509628646.0
352.2,9693431,9771.489258,21486346312.0
361.84,11712221,9795.700195,23717842783.0
374.67,15804537,9870.094727,25706567601.0
351.85,14591256,9321.78125,30247143440.0
357.3,14272704,9480.84375,22610564515.0
366.95,10000054,9450.702148,26699704768.0
362.74,13392875,9538.024414,21565537209.0
369.44,10207641,9480.254883,20177709879.0
368.72,6360238,9411.84082,17770083003.0
370.45,13104013,9288.018555,19632223107.0
381.07,9961662,9648.717773,21104009514.0
378.0,9377685,9629.658203,17006433272.0
369.42,11234272,9313.610352,18961716076.0
379.6,9401800,9264.813477,18616048626.0
366.2,14802144,9162.917969,18341465837.0
368.0,8556203,9190.854492,16460547078.0
379.91,9197300,9137.993164,15735797744.0
381.2,8237180,9228.325195,15971550355.0
384.49,9101892,9123.410156,16338916796.0
393.57,7903881,9375.474609,17889263252.0
394.87,8945039,9252.277344,13839652595.0
408.64,9437346,9428.333008,19702359883.0
420.36,12367718,9277.967773,18000702524.0
419.17,12441869,9278.807617,16860035605.0
402.09,11426932,9243.614258,17519821266.0
415.08,13567356,9243.213867,18085038362.0
409.09,10099623,9192.836914,15844731575.0
405.39,8624118,9132.227539,15713967523.0
408.06,6657123,9151.392578,13944570749.0
420.43,7039983,9164.231445,13755604146.0
413.14,6866718,9374.887695,18069581956.0
417.55,9182271,9525.363281,16532254884.0
405.19,10291532,9581.072266,18146399002.0
407.78,11832300,9536.892578,16552768325.0
416.86,7303255,10990.873047,35359749590.0
408.62,6790901,10912.823242,28766551142.0
418.62,7112692,11100.467773,24617249715.0
424.56,7722004,11111.213867,22857247901.0
424.59,9657150,11323.466797,23160469766.0
440.41,10325456,11246.348633,20271713443.0
449.11,7758390,11205.892578,21250197042.0
451.47,6262493,11747.022461,24411254471.0
453.42,6107892,11779.773438,23400740340.0
447.98,8562899,11601.472656,23132312867.0
446.6,10694898,11878.111328,26114112569.0
434.0,8862763,11410.525391,27039782640.0
457.61,11623573,11584.93457,25064548486.0
457.72,9361489,11784.137695,27522199497.0
462.56,9160904,11768.871094,24237958589.0
493.48,15417858,12254.402344,28227687027.0
490.43,12586155,11991.233398,26043227672.0
485.54,15565558,11758.283203,24502851117.0
485.64,23034656,11878.37207,20175242945.0
507.34,24996738,11592.489258,23762425999.0
508.81,12264105,11774.595703,20681511755.0
510.0,7226920,11366.134766,26301509932.0
510.92,8031073,11488.363281,22466660958.0
505.13,7940073,11323.397461,23240415076.0
525.91,13428963,11542.5,19807127588.0
534.98,12521030,11680.820313,22285928250.0
552.84,12811849,11970.478516,27311555343.0
573.86,21850322,11414.03418,28037405299.0
520.62,23628151,10245.296875,31927261555.0
504.9,36592071,10511.813477,29965130374.0
476.52,19893237,10131.516602,33430927462.0
508.6,18404957,10242.347656,24128292755.0
492.47,17467111,10363.138672,54406443211.0
486.58,15923172,10400.915039,45201121775.0
514.89,30043624,10680.837891,35453581940.0
519.64,18188914,10796.951172,32509451925.0
500.58,13939985,10974.905273,30769986455.0
498.54,19812794,10948.990234,38151810523.0
487.57,17461548,10944.585938,26341903912.0
500.69,18026061,10462.259766,28884999244.0
505.51,16161302,10538.459961,23621787804.0
484.95,16175308,10246.186523,23788661867.0
493.92,18281008,10760.066406,47144380902.0
514.95,14700407,10692.716797,39348590957.0
521.4,14345228,10709.652344,47762394731.0
529.03,15575124,10844.640625,46582396602.0
541.22,17229603,10784.491211,44171073700.0
544.58,13125059,10619.452148,40023134100.0
522.49,13812397,10575.974609,48661453918.0
545.7,11995457,10793.339844,47537578009.0
549.46,19610496,10604.40625,42623695307.0
558.56,10452129,10668.96875,37799458436.0
553.55,9472522,10915.685547,63314794397.0
550.51,8672273,11064.458008,22799117613.0
569.04,10868595,11555.363281,26163972642.0
569.93,8615078,11425.899414,24241420251.0
563.81,6916178,11429.506836,24103426719.0
558.8,6680628,11495.349609,24487233058.0
552.46,6065990,11322.123047,25635480772.0
539.91,7451714,11742.037109,23860769928.0
545.82,5730301,11916.334961,30915821592.0
540.99,5489933,12823.689453,43414712626.0
534.44,7261986,12965.891602,34729759598.0
543.61,5837107,12931.539063,28974975003.0
525.65,8422358,13075.248047,29461458313.0
535.87,6262992,13654.21875,33749878156.0
505.08,9412952,13271.285156,35867318895.0
520.96,8002046,13437.882813,56499499598.0
501.36,10434900,13546.522461,30581485201.0
503.23,7491316,13550.489258,30771455468.0
520.78,6822527,13950.300781,29869951617.0
551.77,10255732,14133.707031,35116364962.0
566.4,7975708,15579.848633,40856321439.0
582.48,9583732,15565.880859,39837841971.0
545.23,14574447,15332.31543,34149115566.0
510.8,16101680,15290.902344,25574938143.0
536.72,10118586,15701.339844,29772374934.0
538.27,9165875,16276.34375,34175758344.0
531.88,8669058,16317.808594,31599492172.0
540.61,10344370,16716.111328,31526766675.0
536.89,7800699,17645.40625,39006849170.0
537.15,12773133,17804.005859,49064800278.0
537.61,14148355,17817.089844,36985055355.0
523.51,8527245,18621.314453,36992873940.0
525.6,9033855,18364.121094,42741112308.0
518.31,8568883,19107.464844,51469565009.0
529.39,6497910,18732.121094,43710357371.0
530.45,4181880,17108.402344,38886494645.0
536.06,7173800,19625.835938,47728480399.0
535.6,7412379,18802.998047,49633658712.0
541.78,7084030,19201.091797,37387697139.0
535.84,4988016,19445.398438,31930317405.0
542.33,5056085,18699.765625,33872388058.0
544.27,5581081,19191.630859,26896357742.0
534.0,6798022,18321.144531,31692288756.0
517.23,10032530,18553.916016,34420373071.0
518.89,5194118,18264.992188,25547132265.0
520.53,5231641,18058.904297,27919640985.0
532.35,6753947,19246.644531,22473997681.0
534.42,4837148,19417.076172,26741982541.0
529.7,5577867,21310.597656,44409011479.0
533.65,5784597,22805.162109,71378606374.0
530.88,8551616,23137.960938,40387896275.0
533.29,7558304,22803.082031,45852713981.0
531.13,4657872,23783.029297,44171632681.0
520.37,4478569,23241.345703,51146161904.0
519.75,2447088,23735.949219,41080759713.0
516.0,5286655,27084.808594,49056742893.0
517.73,4259304,27362.4375,45265946774.0
525.83,5634929,28840.953125,51287442704.0
522.2,4810610,29001.720703,46754964848.0
524.54,14016045,31971.914063,81163475344.0
536.19,8068998,33992.429688,67547324782.0
504.58,14510575,36824.363281,75289433811.0
533.76,11537037,39371.042969,84762141031.0
531.07,7313215,40797.609375,88107519480.0
544.86,12975720,35566.65625,123320567399.0
539.39,7178074,33922.960938,74773277909.0
541.27,5250711,37316.359375,69364315979.0
528.01,7078007,39187.328125,63615990033.0
514.38,6944532,36825.367188,67760757881.0
521.01,5654672,36069.804688,57244195486.0
534.63,6464272,35547.75,66834573161.0
554.7,8458490,30825.699219,75643067688.0
548.5,6170464,33005.761719,77207272511.0
546.13,6277779,32366.392578,59897054838.0
537.41,4099510,32569.849609,60255421470.0
516.71,9281821,30432.546875,62576762015.0
522.04,5707899,33466.097656,76517157706.0
519.59,6788801,34316.386719,117894572511.0
529.48,5430108,33537.175781,61400400660.0
542.27,5451603,35510.289063,63088585433.0
541.22,6135232,37472.089844,61166818159.0
546.57,5033462,36926.066406,68838074392.0
543.64,4228841,38144.308594,58598066402.0
577.55,10865571,46196.464844,101467222687.0
570.53,7128078,46481.105469,91809846886.0
590.57,12047762,44918.183594,87301089896.0
610.03,11270693,47909.332031,81388911810.0
598.45,9368937,47504.851563,76555041196.0
613.21,8048988,49199.871094,77049582886.0
596.24,6786368,52149.007813,80820545404.0
593.16,5852020,51679.796875,52054723579.0
597.06,6793103,55888.132813,63495496918.0
574.23,8041814,54207.320313,92052420332.0
565.68,9794483,48824.425781,106102492824.0
579.96,11207977,49705.332031,63695521388.0
532.3,20304906,47093.851563,54506565949.0
548.58,12468975,46339.761719,350967941479.0
553.67,8829575,49631.242188,53891300112.0
536.25,6602853,48378.988281,47530897720.0
512.19,9439757,50538.242188,53220811975.0
494.81,14333629,48561.167969,52343816680.0
498.46,13570971,48927.304688,48625928883.0
463.73,13577792,52246.523438,48597428048.0
500.81,13045638,54824.117188,50912227385.0
498.73,9609414,56008.550781,57295577614.0
519.74,7497857,57805.121094,56772343595.0
514.24,6099099,57332.089844,55689944702.0
527.65,5563011,55907.199219,66419369890.0
531.65,6803240,56804.902344,59749798599.0
533.65,6096605,58870.894531,60258313191.0
508.9,7354702,57858.921875,55746041000.0
513.83,7480174,58346.652344,49063873786.0
527.45,7445077,54529.144531,56521454974.0
522.83,5551152,54738.945313,56435023914.0
505.72,6145963,52774.265625,70567223787.0
501.41,7378614,51704.160156,67999812841.0
513.57,9099224,55137.3125,56652197978.0
517.93,6837997,57750.199219,57625587027.0
514.87,5005062,58917.691406,54414116432.0
533.93,7869438,58918.832031,65520826225.0
552.47,7706865,59095.808594,61669163792.0
559.5,6391785,59057.878906,60706272115.0
554.46,4793649,58192.359375,66058027988.0
565.74,6282109,56048.9375,75645303584.0
572.68,6110373,58323.953125,53053855641.0
576.0,4879272,58245.003906,46655208546.0
608.36,21733050,59893.453125,51828688519.0
627.18,16905297,63503.457031,69983454362.0
611.08,9637548,63109.695313,77451779687.0
645.49,14962017,63314.011719,60954381579.0
636.5,8380189,61572.789063,84293007468.0
614.47,10110452,55724.265625,65344865159.0
606.85,8353326,56473.03125,67849323955.0
614.42,5419426,53906.089844,54926612466.0
594.01,6944657,51762.273438,74798630778.0
610.61,5694305,51093.652344,86668667320.0
619.12,4944927,54021.753906,58284039825.0
615.27,4114325,55033.117188,49448222757.0
611.07,5235405,54824.703125,48000572955.0
612.99,4329912,53555.109375,46088929780.0
600.38,5047752,57750.175781,52395931985.0
593.47,5097796,57200.292969,51713139031.0
574.05,10133120,53333.539063,68564706967.0
578.34,7300576,57424.007813,69241316747.0
580.92,4834523,56396.515625,69523285106.0
592.49,5733183,57356.402344,68434023376.0
570.63,6722595,55859.796875,71776546298.0
572.25,7139634,56704.574219,61308396325.0
550.34,7585233,49150.535156,75215403907.0
546.61,7143187,49716.191406,96721152926.0
569.72,6465375,49880.535156,55737497453.0
566.62,5424521,43537.511719,74903638450.0
560.63,4656356,42909.402344,56187365084.0
562.63,8599984,37002.441406,126358098747.0
584.5,8039798,40782.738281,88281943359.0
599.67,16824800,37304.691406,82051616861.0
624.48,13870405,38705.980469,67359584098.0
625.91,10885172,38402.222656,56211915803.0
628.0,9260966,39294.199219,51346735160.0
619.52,14536880,38436.96875,43210968721.0
649.78,16113390,35697.605469,55200191952.0
650.58,11820075,36684.925781,34639423297.0
671.13,14854189,37575.179688,33070867190.0
678.79,14500170,39208.765625,35460750427.0
703.13,15428007,36894.40625,41831090187.0
704.76,14393873,33560.707031,33683936663.0
698.28,8096169,33472.632813,49902050442.0
694.33,9541437,37345.121094,53972919008.0
697.0,7194261,36702.597656,43576032854.0
713.01,10407691,37334.398438,38699736985.0
720.75,8034357,40218.476563,43148914673.0
711.54,6075761,40406.269531,46420149185.0
712.41,7594711,38347.0625,39211635100.0
746.29,20241372,38053.503906,37096670047.0
745.55,24221357,35787.246094,36200887275.0
737.09,16809554,31676.693359,52809038594.0
755.47,14503639,32505.660156,58964353058.0
762.29,8308926,33723.027344,46317108925.0
768.22,8023060,34662.4375,33123368116.0
761.24,6959148,31637.779297,40230904226.0
799.4,12385914,34434.335938,33892523752.0
801.07,9190846,35867.777344,37901460044.0
800.1,8164154,35040.835938,34059036099.0
808.48,12003374,33572.117188,37838957079.0
819.48,8584917,33897.046875,38728974942.0
827.94,11167687,34235.195313,26501259870.0
814.87,10460682,33855.328125,24796027477.0
796.11,12582492,32877.371094,29910396946.0
802.01,7415567,33798.011719,27436021028.0
820.5,8049619,33155.847656,24321499537.0
810.0,7267658,32702.025391,19120856669.0
793.66,9502480,32822.347656,21376531210.0
758.65,13764113,31780.730469,21300524237.0
726.44,17205566,31421.539063,23699476918.0
751.19,18726469,30817.832031,20434789545.0
186.12,43366188,29807.347656,23148267245.0
194.1,37101736,32110.693359,28203024559.0
195.94,32382595,32313.105469,19555230518.0
195.58,19567198,33581.550781,22552046192.0
192.94,20394316,37337.535156,51022126212.0
192.08,24886258,39406.941406,35097370560.0
195.03,20219115,39995.90625,38702404695.0
196.62,18373399,40008.421875,27167146027.0
194.99,18349746,42235.546875,33072782960.0
197.5,21744397,39201.945313,25595265436.0
198.15,30181074,38152.980469,26189830450.0
202.74,23130940,39747.503906,25372562724.0
206.37,21143537,40869.554688,35185031017.0
203.66,17849661,42816.5,38226483046.0
202.95,14644310,46365.402344,38734079049.0
199.36,17923778,45585.03125,33546019517.0
196.99,18592484,45593.636719,34319709073.0
199.05,15186155,44428.289063,33723620826.0
201.88,18059898,47793.320313,31744259539.0
199.5,21115280,46004.484375,32776876610.0
194.58,20458485,44695.359375,33451362600.0
190.4,28591348,44801.1875,32194123075.0
197.98,76655477,46717.578125,37204312299.0
208.16,67574131,49339.175781,34706867452.0
219.58,57580658,49546.148438,34305053719.0
217.93,29729892,47706.117188,35361168834.0
222.13,34770104,48960.789063,32646349931.0
220.68,23794042,46942.21875,32666549568.0
226.36,30472219,49058.667969,34511076995.0
226.88,26257990,47054.984375,31847007016.0
223.85,25984968,47166.6875,34730363427.0
224.41,20176695,48847.027344,39139399125.0
223.96,18810957,49327.722656,39508070319.0
228.43,28083198,50025.375,43206179619.0
226.62,19810716,46811.128906,65210059683.0
223.39,25443421,46091.390625,49007762488.0
221.77,19685601,46391.421875,38672657013.0
224.78,24837574,44883.910156,39154666597.0
221.52,29749990,44963.074219,40969943253.0
222.42,19975460,47092.492188,38652152880.0
223.41,16653801,48176.347656,30484496466.0
222.42,15603344,47783.359375,31764293754.0
219.0,29450284,47267.519531,28727713711.0
211.13,34944045,42843.800781,43909845642.0
212.46,20468810,40693.675781,48701090088.0
219.41,26872556,43574.507813,38139709246.0
224.82,24855491,44895.097656,34244064430.0
220.81,21765545,42839.75,42839345714.0
216.6,24521514,42235.730469,30980029059.0
206.99,34306895,41034.542969,30214940550.0
205.17,21839363,41564.363281,30602359905.0
207.16,22100912,43790.894531,31141681925.0
207.42,24097796,48116.941406,42850641582.0
197.32,34563497,49112.902344,33383173002.0
204.51,27928165,51514.8125,35873904236.0
207.0,29720175,55361.449219,49034730168.0
210.75,25691893,53805.984375,36807860413.0
208.31,15125791,53967.847656,34800873924.0
206.95,16338754,57484.789063,42637331698.0
206.71,16213354,56041.058594,41083758949.0
209.39,18065188,57401.097656,41684252783.0
217.46,24358881,57321.523438,36615791366.0
218.62,22699401,61593.949219,51780081801.0
222.22,18949356,62026.078125,38055562075.0
222.9,16147329,64261.992188,40471196346.0
221.03,14627594,65992.835938,40788955582.0
226.92,18759032,62210.171875,45908121370.0
227.26,24938379,60692.265625,38434082775.0
231.66,23023483,63039.824219,31064911614.0
247.17,48589830,60363.792969,34878965587.0
244.51,24598989,58482.386719,43657076893.0
249.41,23420431,60622.136719,45257083247.0
255.67,29250284,62227.964844,36856881767.0
258.27,26074158,61004.40625,36150572843.0
264.01,28744823,63226.402344,37746665647.0
265.98,23991033,62970.046875,36124731509.0
298.01,115363115,61452.230469,32615846901.0
297.52,85126015,61125.675781,30605102446.0
308.04,50310093,67566.828125,41125608330.0
306.57,64216853,66971.828125,42357991721.0
294.59,63620572,64995.230469,48730828378.0
303.9,33217211,64949.960938,35880633236.0
303.9,41026129,64155.941406,36084893887.0
300.25,38490900,63557.871094,30558763548.0
302.03,26448367,60161.246094,46844335592.0
292.61,42850799,60368.011719,39178392930.0
316.75,78171075,56942.136719,41388338699.0
329.85,53386665,58119.578125,38702407772.0
319.56,75433524,56289.289063,35036121783.0
317.46,53216270,57569.074219,37485803899.0
326.74,43516226,56280.425781,36635566789.0
315.03,28306886,53569.765625,41810748221.0
333.76,45496398,57806.566406,32370840356.0
326.76,62206647,57005.425781,36708594618.0
314.35,48580204,57229.828125,36858195307.0
321.26,47289033,56477.816406,32379968686.0
306.93,54432505,53598.246094,39789134215.0
300.37,65893845,50582.625,37707308001.0
324.27,59305348,50700.085938,33676814852.0
318.26,47555145,50504.796875,28479699446.0
304.9,48850716,47672.121094,29603577251.0
301.98,48882509,47243.304688,30966005122.0
281.61,59834366,46737.480469,32166727776.0
283.37,66703537,46612.632813,34638619079.0
304.59,69829688,48896.722656,36541828520.0
283.87,70736595,47665.425781,27268150947.0
278.01,71662239,46202.144531,32902725329.0
277.19,46184676,46880.277344,30961902129.0
290.75,52438494,48936.613281,27055803928.0
294.0,39518438,48628.511719,24447979559.0
296.4,34302174,50784.539063,28223878108.0
309.45,40368587,50640.417969,24324345758.0
303.22,42059121,47588.855469,33430376883.0
300.01,34313928,46444.710938,30049226299.0
295.86,30886422,47178.125,26686491018.0
294.11,26347792,46306.445313,36974172400.0
301.21,39240294,46458.117188,33071628362.0
292.9,52715440,45897.574219,42494677905.0
276.04,49806388,43569.003906,36851084859.0
281.78,45418637,43160.929688,30208048289.0
272.47,40993851,41557.902344,84196607520.0
274.0,59468095,41821.261719,32104232331.0
278.17,40276508,42735.855469,26327648900.0
279.99,38341348,43949.101563,33499938689.0
265.75,53886809,42591.570313,47691135082.0
269.42,39583235,43099.699219,23577403399.0
259.03,42267538,42375.632813,22417209227.0
250.67,48360408,41744.328125,23091543258.0
241.5,43518073,40680.417969,20382033940.0
233.74,71895784,36457.316406,43011992031.0
233.72,91581063,36654.328125,41856658597.0
223.24,66461636,36954.003906,26428189594.0
227.72,75595873,36852.121094,31324598034.0
219.44,57335272,37138.234375,25041426629.0
228.4,54377425,37784.332031,22238830523.0
244.86,56467968,38483.125,20734730465.0
246.38,51892517,38743.273438,20288500328.0
252.42,54341941,36952.984375,19155189416.0
239.48,41017778,37154.601563,18591534769.0
243.19,35482850,41500.875,29412210792.0
247.28,37686750,43840.285156,28641855926.0
251.08,41035864,44118.445313,33079398868.0
267.05,52428166,44338.796875,23245887300.0
258.24,51319972,43565.113281,32142048537.0
239.49,60547198,42407.9375,26954925781.0
242.67,44042443,42586.917969,20827783012.0
264.95,70175280,44575.203125,22721659051.0
265.11,73267633,43961.859375,19792547657.0
245.07,81059508,40538.011719,26246662813.0
236.42,76125491,40030.976563,23310007704.0
233.9,62919566,38286.027344,25493150450.0
223.87,56651077,37296.570313,21849073843.0
237.48,73580063,38332.609375,46383802093.0
241.57,52886551,39214.21875,26545599159.0
243.85,47731861,43193.234375,35690014104.0
234.77,41205598,44354.636719,32479047645.0
242.2,38964185,43924.117188,29183112630.0
237.14,36509504,42451.789063,24967782593.0
229.36,43201070,39137.605469,28516271427.0
213.52,45082089,38062.039063,28546143503.0
215.14,55746719,38737.269531,25776583476.0
230.14,49274195,41982.925781,32284121034.0
226.58,42806565,39437.460938,31078064711.0
221.0,36720857,38794.972656,26364890465.0
213.3,38535424,39666.753906,24322159070.0
229.73,49199569,39338.785156,23934000868.0
244.96,67142174,41143.929688,39616916192.0
247.66,47194119,40951.378906,22009601093.0
264.53,72788748,41801.15625,34421564942.0
267.34,58807971,41077.996094,24615543271.0
265.24,54265223,42358.808594,32004652376.0
256.34,50211986,42892.957031,25242943069.0
281.5,87737914,43960.933594,31042992291.0
276.92,57776944,44348.730469,30574413034.0
282.19,42549392,47128.003906,36362175703.0
286.56,48898440,47465.730469,31397059069.0
276.9,46348713,47062.664063,29333883962.0
272.86,52344022,45538.675781,33327427106.0
267.12,51723511,46281.644531,38162644287.0
273.6,39770782,46622.675781,32499785455.0
259.31,43093087,45555.992188,29640604055.0
244.07,70383256,43206.738281,39393395788.0
242.08,55799236,43503.847656,26101973106.0
231.19,52478064,42287.664063,27215995394.0
219.17,57520684,39521.902344,33949912166.0
215.04,66225807,40127.183594,30991500854.0
222.03,51694344,41166.730469,27691105228.0
212.58,56909685,39935.515625,24342001973.0
217.83,52570061,40826.214844,33705182072.0
221.98,51278058,41502.75,25303206547.0
214.82,46697126,41374.378906,27819532341.0
201.83,65620944,40527.363281,35372786395.0
195.15,62471343,39740.320313,28011716745.0
199.02,64156561,40458.308594,35445730570.0
187.88,64496017,38117.460938,34569088416.0
184.15,49946017,39241.121094,30981015184.0
197.82,57032671,39773.828125,33903704907.0
185.47,50043491,38609.824219,30882994649.0
195.33,57204868,38529.328125,32922642426.0
196.02,47575084,37750.453125,27326943244.0
203.34,64630503,39698.371094,36754404490.0
188.44,62633141,36575.140625,43106256317.0
186.75,63329672,36040.921875,37795577489.0
169.5,64445451,30296.953125,63355494961.0
175.95,76147429,31022.90625,59811038817.0
166.3,67016703,28936.355469,70388855818.0
161.75,70872837,29047.751953,66989173272.0
177.06,67043651,29283.103516,42841124537.0
172.64,52144598,29862.917969,32613897286.0
181.77,58582971,30425.857422,29101473475.0
169.38,54516106,28720.271484,31285268319.0
171.24,62130959,30314.333984,33773447707.0
166.94,73910526,29200.740234,30749382605.0
168.98,63988869,29098.910156,31483454557.0
161.54,58855002,29655.585938,26616506245.0
169.75,78113190,29562.361328,27525063551.0
178.51,99657452,29267.224609,36774325352.0
188.11,73837935,28627.574219,36582005748.0
186.72,66409951,31792.310547,33538210634.0
183.2,54451390,29799.080078,41135817341.0
195.92,64865580,30467.488281,29083562061.0
187.2,59877870,29704.390625,26175547452.0
187.86,42240615,31370.671875,31947336829.0
189.26,38891411,31155.478516,40770974039.0
186.48,36325246,30214.355469,30242059107.0
180.48,39557379,30111.998047,21692004719.0
169.74,46564966,29083.804688,29867476527.0
156.47,60415338,22487.388672,68204556440.0
158.36,46967952,22206.792969,50913575242.0
165.27,56393565,22572.839844,54912007015.0
156.01,54574867,20381.650391,31183975654.0
158.8,63033397,20471.482422,27132421514.0
165.66,48308888,20710.597656,28970212744.0
163.6,43799744,19987.029297,28574793478.0
162.25,46367959,21085.876953,26188097173.0
171.26,47215283,21231.65625,24957784918.0
168.69,42796788,20735.478516,20965695707.0
159.82,46185936,20280.634766,21381535161.0
155.42,48235228,20104.023438,23552740328.0
151.59,68607003,19784.726563,26267239923.0
145.23,57761008,19269.367188,30767551159.0
149.64,65220761,20190.115234,26715546990.0
151.3,52906586,20548.246094,24598943708.0
158.58,49290276,21637.587891,25814972520.0
158.38,46797176,21731.117188,49899834488.0
151.52,43838873,19970.556641,24150249025.0
150.82,45848310,19323.914063,25810220018.0
151.64,52191834,20212.074219,33042430345.0
153.72,45623484,20569.919922,31158743333.0
157.62,38593547,20836.328125,25905575359.0
161.01,67051745,22485.689453,39974475562.0
169.92,70236608,23389.433594,48765202697.0
178.07,76053779,23231.732422,42932549127.0
180.5,55704928,23164.628906,33631012204.0
173.19,53667088,22714.978516,31421555646.0
170.24,48074751,21361.701172,35574561406.0
165.33,39786491,21239.753906,28624673855.0
177.9,56977623,22930.548828,31758955233.0
179.84,47464628,23843.886719,40212386158.0
181.63,43546042,23804.632813,35887249746.0
184.41,47646904,23314.199219,25849159141.0
185.26,48952692,22978.117188,28389250717.0
188.93,41814557,22846.507813,26288169966.0
192.15,40965227,22630.957031,25120229769.0
189.89,38606829,23289.314453,28881249043.0
177.93,98378318,23809.486328,28575544847.0
170.86,66826265,23164.318359,23555719219.0
180.97,59742246,23947.642578,32837431722.0
179.42,50932655,23957.529297,37127036580.0
187.09,47809415,24402.818359,27265804688.0
190.32,45766556,24136.972656,35123501685.0
188.79,45123964,23883.291016,27753685646.0
183.35,44679911,23335.998047,30931623076.0
187.73,41544656,23212.738281,23747613147.0
178.49,44158833,20877.552734,40509610260.0
170.34,40959271,21398.908203,31666498758.0
171.81,36998577,21528.087891,31878280659.0
172.22,52266071,21395.019531,31962253368.0
179.13,77069133,21600.904297,31028679593.0
162.6,76912743,20260.019531,42326789564.0
158.01,49371295,20297.994141,32637854078.0
154.68,53018069,19796.808594,34483360283.0
150.94,57370986,20049.763672,33225232872.0
139.37,117886514,20127.140625,30182031010.0
136.47,74315746,19969.771484,29123998928.0
134.65,53326958,18837.667969,43403978910.0
137.14,51265746,19290.324219,35239757134.0
139.9,62487312,19329.833984,32194477850.0
143.87,48712842,21381.152344,48469528171.0
145.05,48415924,22370.449219,50212088965.0
131.31,71495563,20296.707031,51091116622.0
131.28,58850654,20241.089844,37872380889.0
129.29,52362516,19701.210938,36389011503.0
131.98,67075140,19772.583984,30123362273.0
133.82,56968528,19544.128906,40177002624.0
131.76,52481775,18890.789063,36791346508.0
132.61,80767940,18547.400391,46363793975.0
125.61,75671089,19413.550781,41135767926.0
125.16,66330931,19297.638672,38896078052.0
122.28,54734269,19222.671875,44148798321.0
124.13,55385406,19110.546875,58571439619.0
127.36,54241388,19426.720703,53071298734.0
122.2,53276312,19573.050781,41037843771.0
121.39,56563842,19431.789063,43975248085.0
125.12,54747847,19623.580078,30484729489.0
131.67,58418167,20336.84375,35887278685.0
132.09,50713073,20160.716797,33223790572.0
131.3,64415689,19955.443359,34711412966.0
120.76,67247816,19546.849609,29227315390.0
116.7,69869925,19141.484375,27425022774.0
115.86,66748163,19051.417969,28711532910.0
115.0,49259019,19157.445313,24950173846.0
119.6,85010301,19382.904297,44219840004.0
112.27,71343199,19185.65625,38452356727.0
118.88,58077417,19550.757813,27472552998.0
119.67,65936206,19334.416016,30580012344.0
120.51,52313061,19139.535156,22425387184.0
121.94,65239761,19053.740234,24493974420.0
124.66,60949441,19172.46875,32459287866.0
125.99,51745740,19345.572266,30202235805.0
132.61,50548233,20095.857422,47761524910.0
128.96,53553329,20770.441406,58895950537.0
131.76,58311308,20285.835938,49625110402.0
138.34,52103993,20595.351563,43994715910.0
134.97,48634099,20495.773438,45668466815.0
135.43,43281690,20485.273438,39819303159.0
132.19,67262784,20159.503906,55552169483.0
134.21,50006486,20209.988281,43228750179.0
141.56,61257591,21147.230469,64072727950.0
143.01,41006095,20602.816406,53510852236.0
146.02,59529199,18541.271484,118992465607.0
137.76,45441366,15880.780273,102905151606.0
157.5,70081925,17586.771484,83202283721.0
163.27,65548747,17034.292969,55871616488.0
162.95,52785245,16618.199219,49630243054.0
166.66,54587550,16884.613281,36599436183.0
159.1,64954684,16669.439453,33925512989.0
156.77,71089356,16687.517578,27868914022.0
154.09,49207165,16697.777344,26862218609.0
153.17,40473931,15787.28418,37429485518.0
160.38,47286607,16189.769531,30726828760.0
165.19,42724093,16610.707031,32958875628.0
162.7,16793430,16521.841797,18678255976.0
158.27,30415201,16217.322266,27743025156.0
156.39,29838449,16444.982422,23581685468.0
169.23,56529822,17168.566406,29523576583.0
171.35,47097657,16967.132813,22895392882.0
168.76,37138858,17088.660156,19539705127.0
166.1,35225517,16974.826172,22209086834.0
159.87,35269427,17089.503906,19889922369.0
161.2,37238758,16848.126953,19675404389.0
171.69,51545554,17233.474609,20496603770.0
170.01,46533819,17133.152344,20328426366.0
175.35,45732780,17206.4375,19617581341.0
180.72,65658876,17781.318359,26634741631.0
176.74,49688810,17815.650391,25534481470.0
169.52,47854210,17364.865234,20964448341.0
165.71,47823193,16647.484375,24031608960.0
162.54,35403877,16439.679688,17221074814.0
160.85,40325979,16906.304688,22722096615.0
165.01,32502538,16817.535156,14882945045.0
153.39,56504527,16830.341797,16441573050.0
152.06,34932563,16796.953125,15329265213.0
141.21,46490226,16717.173828,15748580239.0
140.36,35106645,16552.572266,17005713920.0
146.03,35492324,16642.341797,14472237479.0
146.14,31048983,16602.585938,15929162910.0
143.15,40127658,16679.857422,13903079207.0
147.49,43132360,16863.238281,18421743322.0
142.65,38916811,16836.736328,13692758566.0
148.59,40504362,16951.96875,14413662913.0
156.28,50423056,17196.554688,18624736866.0
159.09,38410126,17446.292969,15808338949.0
160.01,35328493,17934.896484,18372283782.0
165.11,55140906,18869.587891,34971338710.0
168.99,44728706,19909.574219,29225029694.0
177.02,51110216,21161.519531,24999983362.0
173.77,43962355,20688.78125,30005625418.0
167.65,45293160,21086.792969,21152848261.0
178.39,56496712,22676.552734,28799154319.0
191.93,65516259,22934.431641,26518700512.0
192.65,49620410,22636.46875,26405069715.0
193.23,44953711,23117.859375,30685366709.0
198.02,48953542,23032.777344,26357839322.0
203.65,54214198,23078.728516,25383335641.0
191.62,48861115,22840.138672,27205595568.0
195.37,49801658,23139.283203,22837828665.0
209.43,66047704,23723.769531,26683255504.0
217.09,56427580,23471.871094,32066936882.0
211.0,42936595,23449.322266,27083066007.0
210.89,45219709,22760.109375,23825006542.0
221.73,66414961,23264.291016,27187964471.0
222.05,55965122,22939.398438,25371367758.0
223.37,52387578,21819.039063,32572572185.0
212.65,55073675,21651.183594,27078406594.0
217.88,47491862,21808.101563,23918742607.0
229.71,67547350,22220.804688,26792596581.0
227.64,42118826,24307.841797,32483312909.0
220.02,41202628,23623.474609,39316664596.0
213.88,46588764,24565.601563,41358451255.0
206.55,41001455,24436.353516,31252098714.0
207.54,51318432,24188.84375,30199996781.0
236.64,111799541,23947.492188,30476264066.0
232.86,58971591,23198.126953,26811744928.0
235.01,45299367,23522.871094,22660763494.0
232.16,45596280,23147.353516,20535363434.0
226.98,46002562,23646.550781,24662841200.0
233.14,39007465,23475.466797,20386398516.0
238.9,41239330,22362.679688,26062404610.0
235.54,43742923,22429.757813,17353192895.0
232.88,51515388,22219.769531,22765452204.0
241.81,51357339,21718.080078,22536575684.0
234.36,50125699,20363.021484,30364664171.0
229.65,47486565,20187.244141,39578257695.0
229.66,42189032,24197.533203,49466362688.0
240.63,47491013,24746.074219,54622230164.0
242.28,52448574,24375.960938,43655701450.0
255.41,58494626,25052.789063,33866061747.0
257.25,84854656,27423.929688,50730261335.0
259.0,43274719,27767.236328,44774027664.0
261.99,54740776,28175.816406,36102192830.0
264.68,79729511,27307.4375,33382021890.0
271.91,56488876,28333.972656,24220433689.0
267.79,45541407,27493.285156,25980310960.0
265.31,36102574,27139.888672,18188895178.0
264.1,35610378,27268.130859,17783600385.0
269.84,39369387,28348.441406,20684945906.0
273.83,36451574,28033.5625,22435349951.0
277.77,43393277,28478.484375,19001327598.0
279.65,39871560,27790.220703,19556501327.0
274.53,36859153,28168.089844,15284538859.0
268.81,51501474,28177.984375,17052315986.0
270.37,39765434,28044.140625,13837809380.0
275.79,39527855,29652.980469,19282400094.0
271.69,31437817,30235.058594,20121259843.0
264.95,44625895,30139.052734,18651929926.0
264.63,35361528,30399.066406,17487721001.0
267.58,39566013,30485.699219,22659995079.0
270.02,31348982,29445.044922,17872186762.0
276.67,60481154,30397.552734,19480529496.0
279.31,35866041,28822.679688,24571565421.0
271.04,42771326,28245.988281,21340360360.0
271.19,34510277,27276.910156,20759504330.0
270.42,33928186,27525.339844,17703288330.0
262.41,37852716,28307.597656,17733373139.0
269.56,40449391,28422.701172,31854242019.0
272.26,37716119,29473.787109,27153445027.0
277.49,29221614,29340.261719,17544464887.0
289.1,57032853,28091.568359,18655599976.0
282.1,40272957,28680.537109,16432924527.0
278.02,38338740,29006.308594,19122972518.0
275.62,32185041,28847.710938,15548678514.0
286.8,36149408,29534.384766,17936566518.0
291.51,34497890,27694.273438,19122903752.0
285.71,31486946,27658.775391,14128593256.0
288.85,36934998,27621.755859,20656025026.0
285.78,32214903,27000.789063,16724343943.0
283.4,27422225,26804.990234,19313599897.0
289.53,29392587,26930.638672,10014858959.0
292.13,44940494,27036.650391,12732238816.0
301.78,43253541,27398.802734,15140006925.0
316.78,74872501,26832.208984,15222938600.0
312.64,47390765,26890.128906,11258983301.0
311.76,37199967,26851.277344,11056770492.0
306.88,35625326,27225.726563,13697203143.0
305.38,72141851,26334.818359,16299104428.0
379.8,154391067,26476.207031,13851122697.0
389.46,71439676,26719.291016,12711619225.0
401.11,92340110,27702.349609,13251081851.0
378.34,99882681,27219.658203,15656371534.0
397.7,63587295,26819.972656,14678970415.0
393.27,48273121,27249.589844,14837415000.0
391.71,39609381,25760.097656,21513292646.0
386.54,38872914,27238.783203,21929670693.0
374.75,51199789,26345.998047,19530045082.0
385.1,41777240,26508.216797,11904824295.0
387.7,42771747,26480.375,11015551640.0
394.82,38967335,25902.5,11677889997.0
410.22,61320816,25918.728516,14143474486.0
429.97,74046502,25124.675781,14265717766.0
426.53,56862204,25576.394531,15837384409.0
426.92,65570941,26327.462891,16324646965.0
438.08,45115311,28327.488281,22211859147.0
430.45,55160291,30027.296875,33346760979.0
430.25,41773743,29912.28125,20653160491.0
422.09,35813984,30695.46875,24115570085.0
406.32,59432192,30271.130859,16493186997.0
418.76,46217470,30688.164063,16428827944.0
411.17,58263927,30086.246094,14571500779.0
408.22,38051430,30445.351563,13180860821.0
423.02,50114775,30477.251953,26387306197.0
424.13,19820919,31156.439453,15271884873.0
423.17,32361756,30514.166016,12481622280.0
421.03,30413879,29909.337891,21129219509.0
425.03,35588147,30342.265625,13384770155.0
421.8,35390811,30414.470703,14828209155.0
424.05,29824406,30620.951172,12151839152.0
439.02,48127702,30391.646484,14805659717.0
459.77,47820369,31476.048828,23686079548.0
454.69,77207533,30334.068359,20917902660.0
464.61,51048822,30145.888672,13240156074.0
474.94,57019042,29856.5625,13138897269.0
470.77,42750179,29913.923828,12128602812.0
455.2,53786451,29792.015625,14655207121.0
443.09,96376863,29908.744141,10972789818.0
446.12,38309974,29176.916016,15395817395.0
456.79,34808091,29227.390625,10266772793.0
454.52,36423726,29354.972656,13497554655.0
459.0,45597552,29210.689453,10770779217.0
467.5,33119424,29319.246094,11218474952.0
467.29,25105528,29230.111328,11656781982.0
465.07,23927597,29675.732422,18272392391.0
442.69,53014157,29151.958984,19212655598.0
445.15,32507660,29178.679688,12780357746.0
446.8,36266618,29074.091797,12036639988.0
454.165,32215354,29180.578125,13618163710.0
446.64,35384343,29765.492188,17570561357.0
425.54,58644907,29561.494141,18379521213.0
423.88,49270530,29429.591797,11865344789.0
408.55,53308526,29397.714844,10195168197.0
437.53,69028583,29408.443359,14013695304.0
439.4,67651151,29170.347656,12640195779.0
434.86,52745068,28701.779297,14949271904.0
433.435,45239482,26664.550781,31120851211.0
432.99,58376787,26049.556641,24026236529.0
469.67,69257337,26124.140625,13371557893.0
456.68,75720691,26031.65625,14503820706.0
471.16,77904608,26431.640625,16985265785.0
471.63,115604409,26162.373047,12871532023.0
460.18,92534052,26047.667969,12406045118.0
468.35,68519223,26106.150391,11002805166.0
487.84,70139699,27727.392578,29368391712.0
492.64,73520598,27297.265625,16343655235.0
493.55,52856977,25931.472656,20181001451.0
485.09,46383030,25800.724609,17202862221.0
485.48,38265258,25779.982422,11094740040.0
470.61,46866957,25753.236328,12752705327.0
462.41,43332989,26240.195313,11088307100.0
455.72,47389994,25905.654297,10817356400.0
451.78,47396555,25162.654297,14600006467.0
448.7,34925634,25833.34375,18657279324.0
454.85,39835535,26228.324219,13072077070.0
455.81,37009720,26539.673828,13811359124.0
439.0,50683051,26608.693359,11479735788.0
439.66,50027079,26754.28125,15615339655.0
435.2,37306424,27211.117188,13807690550.0
422.39,36710769,27132.007813,13281116604.0
410.17,45073596,26567.632813,13371443708.0
416.1,47923631,26579.568359,10578746709.0
422.22,41909096,26298.480469,11997833257.0
419.11,40228209,26217.25,9985498161.0
424.68,44493520,26352.716797,11718380997.0
430.89,42466279,27021.546875,14079002707.0
434.99,39782993,26911.720703,10396435377.0
447.82,43329821,27530.785156,19793041322.0
435.17,47084954,27429.978516,11407814187.0
440.41,36182086,27799.394531,11143355314.0
446.88,39348309,27415.912109,11877253670.0
457.62,43443602,27946.597656,13492391599.0
452.73,40967472,27583.677734,12007668568.0
457.98,36858208,27391.019531,9973350678.0
468.06,37813689,26873.320313,13648094333.0
469.45,48132500,26756.798828,9392909295.0
454.61,47542599,26862.375,15165312851.0
460.95,37509924,28519.466797,27833876539.0
439.38,81233267,28415.748047,14872527508.0
421.96,62729434,28328.341797,12724128586.0
421.01,50123308,28719.806641,14448058195.0
413.87,47726605,29682.949219,21536125230.0
429.75,47853049,33086.234375,38363572311.0
436.63,40146337,33901.527344,44934999645.0
417.79,39837922,34502.820313,25254318008.0
403.26,54100132,34156.648438,19427195376.0
405.0,41678441,33909.800781,16418032871.0
411.61,38802814,34502.363281,17184860315.0
407.8,51796870,34667.78125,15758270810.0
423.25,43759290,35437.253906,22446272005.0
435.06,40917187,34938.242188,20998158544.0
450.05,42460959,34732.324219,17158456701.0
457.51,40073335,35037.371094,12693436420.0
459.55,34316547,35443.5625,18834737789.0
465.74,34671894,35655.277344,17295394918.0
469.5,54049597,36693.125,37762672382.0
483.35,42244156,37313.96875,22711265155.0
486.2,38413570,36502.355469,19057712790.0
496.56,41695387,35537.640625,23857403554.0
488.88,47549735,37880.582031,27365821679.0
494.8,33975624,36154.769531,26007385366.0
492.98,32589691,36596.683594,22445028430.0
504.09,41614260,37476.957031,20888209068.0
499.44,56574687,35813.8125,25172163756.0
487.16,90064233,37432.339844,24397247860.0
477.76,29464464,37720.28125,22922957823.0
482.42,39566190,37254.167969,19002925720.0
478.21,40149085,37831.085938,21696137014.0
481.4,38200465,37858.492188,20728546658.0
467.7,52624663,37712.746094,18115982627.0
467.65,36931701,38688.75,23512784002.0
455.1,43754344,41980.097656,39856129827.0
465.66,37171762,44080.648438,36312154535.0
455.03,36778599,43746.445313,29909761586.0
465.96,35082255,43292.664063,27635760671.0
475.06,35922370,44166.601563,24421116687.0
466.27,50972809,41243.832031,40632672038.0
476.57,37238686,41450.222656,24779520132.0
480.88,44779186,42890.742188,26797884674.0
483.5,39123174,43023.972656,25578530178.0
488.9,47994758,41929.757813,19639442462.0
500.77,41258717,42623.539063,25224642008.0
496.04,46313248,42270.527344,23171001281.0
481.11,39789439,43652.25,27868908174.0
489.9,30042535,43869.152344,22452766169.0
488.3,25250676,43997.902344,21028503216.0
492.79,24419952,42520.402344,30026850982.0
494.17,23215431,43442.855469,25260941032.0
495.22,24658748,42627.855469,22992093014.0
495.22,38929330,42099.402344,26000021055.0
